 K_rel (1/s),K_ON (m^3/(s*mol)),retention_index,NP_size (m),Time (h),Killed_cell%
8.93E-5,58.5,1,2.7E-8,24,16.660425036220303
1.49E-6,0.129,1,1.07E-7,24,0.015617059085465018
3.14E-4,0.765,1,1.37E-7,24,2.7116716266325747
1.53E-4,75.3,1,1.23E-7,24,19.51282654913183
0.00369,0.0037,1,3.5E-8,24,0.14195152962351681
2.21E-4,0.0783,1,1.02E-7,24,0.33452490040211913
1.68E-5,0.00885,1,1.2500000000000002E-7,24,0.007581468
6.85E-5,7.34,1,2.6E-8,24,7.0899748880825415
1.22E-6,1210,1,1.9300000000000002E-7,24,7.296697798443509
9.35E-4,213,1,1.4400000000000002E-7,24,19.880573585493163
5.88E-5,0.00538,1,5.4E-8,24,0.013267133736365424
1.73E-5,0.0227,1,2.0E-8,24,0.007066708
1.28E-5,107,1,1.6200000000000002E-7,24,16.657994870581707
0.0059,0.0275,1,7.200000000000001E-8,24,0.9881230280633165
0.00744,0.014,1,5.0000000000000004E-8,24,0.6910744628935195
6.76E-6,37.9,1,1.11E-7,24,11.295102523800589
2.34E-7,0.147,1,8.3E-8,24,0.003279875
1.91E-6,512,1,3.5E-8,24,6.244981253129538
2.74E-4,90.8,1,1.5000000000000002E-7,24,18.551927159868995
0.00487,0.019100000000000002,1,1.8000000000000002E-7,24,0.4485506764979097
0.00948,0.039299999999999995,1,1.04E-7,24,1.6559352270458285
8.03E-4,0.447,1,6.8E-8,24,4.308195073702301
0.00223,0.088,1,6.600000000000001E-8,24,1.736160202836751
2.96E-5,0.00353,1,1.8800000000000002E-7,24,0.002776922
5.98E-6,0.040600000000000004,1,9.2E-8,24,0.019951112808540138
8.41E-4,0.296,1,1.0900000000000001E-7,24,2.291871149333857
5.37E-5,0.28200000000000003,1,1.4E-7,24,0.43111757470958484
2.48E-5,0.936,1,8.9E-8,24,1.355923125793974
1.08E-5,1.36,1,2.7E-8,24,0.3110982566861865
2.47E-4,189,1,1.36E-7,24,19.182311898633714
4.63E-5,102,1,1.9E-8,24,14.045594639909725
1.7E-6,7.75,1,1.49E-7,24,0.7296484213135908
3.07E-7,342,1,3.3000000000000004E-8,24,1.093322244
1.15E-6,65.3,1,1.7500000000000002E-7,24,2.8068414599848563
4.21E-7,0.0108,1,9.300000000000001E-8,24,4.2325934487428586E-4
3.67E-6,0.865,1,1.66E-7,24,0.15501207728292324
4.52E-7,0.998,1,4.7000000000000004E-8,24,0.018964619163424897
0.00107,1130,1,1.3200000000000002E-7,24,14.156460356867633
0.00868,1320,1,1.14E-7,24,15.011331027011234
0.00535,0.0946,1,1.47E-7,24,2.2760020429652337
2.05E-6,0.0739,1,1.42E-7,24,0.009221391
2.12E-5,0.031100000000000003,1,4.9E-8,24,0.027854190213235243
1.02E-6,0.00331,1,1.6E-7,24,1.8506313092218953E-4
8.17E-7,735,1,1.29E-7,24,8.156832270435372
6.89E-4,0.0162,1,1.27E-7,24,0.10985801563546435
8.79E-6,125,1,4.1E-8,24,12.416025647479753
8.8E-7,1.97,1,5.1E-8,24,0.084489165
0.00168,395,1,1.41E-7,24,18.954480943657362
0.00665,151,1,1.8700000000000002E-7,24,24.24104961422776
0.0012,0.010199999999999999,1,9.9E-8,24,0.11770237435962595
5.67E-7,0.00835,1,5.7E-8,24,2.9193765645620177E-4
3.3E-6,0.316,1,5.5E-8,24,0.058724018
2.83E-4,2.79,1,5.3000000000000005E-8,24,11.121221795955453
0.0014,0.188,1,1.3E-7,24,1.8606976293512705
8.72E-4,2130,1,1.9200000000000003E-7,24,10.879672952991706
0.00347,1.49,1,4.6E-8,24,13.42121233903123
2.23E-6,14.700000000000001,1,1.84E-7,24,1.330833983077618
4.92E-5,0.052000000000000005,1,6.300000000000001E-8,24,0.12543502126399192
2.16E-6,2.37,1,9.700000000000001E-8,24,0.43720471215511797
5.12E-4,0.0132,1,1.59E-7,24,0.063904886
5.52E-4,0.00736,1,1.55E-7,24,0.037531663255529896
2.16E-5,28.2,1,1.96E-7,24,10.061886084081072
1.74E-4,128,1,1.01E-7,24,21.680868215273886
2.8E-5,1780,1,1.67E-7,24,19.48534182564082
0.0029,462,1,9.5E-8,24,19.600895095853872
2.53E-6,96.3,1,6.8E-8,24,11.829121402359146
8.11E-6,1.25,1,8.500000000000001E-8,24,0.8026411299223771
6.01E-5,208,1,9.600000000000001E-8,24,26.051981469227723
0.00123,0.0296,1,1.61E-7,24,0.25490768585862733
0.00147,4.08,1,1.5100000000000002E-7,24,12.465856497374999
5.62E-5,0.0436,1,1.64E-7,24,0.057989337
1.27E-4,5.63,1,1.91E-7,24,6.746417181198119
6.03E-4,194,1,2.0E-8,24,22.03152710767886
2.9E-6,25.6,1,7.500000000000001E-8,24,5.321892563756287
3.47E-7,24.3,1,1.4500000000000001E-7,24,0.4691812556007357
6.53E-7,175,1,1.0600000000000001E-7,24,5.554397368
0.00278,0.725,1,1.29E-7,24,7.393878444825352
0.00326,2340,1,7.7E-8,24,12.20929267081099
3.5E-6,0.00597,1,1.1900000000000001E-7,24,0.001466121
7.89E-6,0.00989,1,7.4E-8,24,0.00621179
2.36E-6,9.19,1,1.1900000000000001E-7,24,1.454345973
9.55E-6,626,1,1.43E-7,24,20.455359267160297
1.65E-4,0.061,1,1.1800000000000001E-7,24,0.19663132083424137
0.00138,2010,1,3.7E-8,24,17.21458684122273
3.27E-4,0.0365,1,4.8000000000000006E-8,24,0.2946608530631156
6.28E-6,165,1,1.6E-8,24,6.619187365163645
5.33E-4,2660,1,1.5100000000000002E-7,24,11.731133574889022
8.51E-5,591,1,1.77E-7,24,17.20171149032615
2.31E-4,0.209,1,1.7E-8,24,0.7843989422680165
0.00795,1480,1,1.3E-8,24,16.638029456040776
2.2E-4,429,1,1.6800000000000002E-7,24,16.715117649051447
3.86E-5,324,1,9.700000000000001E-8,24,27.679145906425592
3.74E-6,2420,1,6.900000000000001E-8,24,24.292051658209463
1.28E-6,0.014400000000000001,1,8.100000000000001E-8,24,0.001708801
8.94E-7,0.124,1,4.1E-8,24,0.003735955
0.00579,2.87,1,5.5E-8,24,16.79988927729901
0.00299,683,1,1.83E-7,24,17.028669288842053
0.00241,9.92,1,3.2E-8,24,20.695814579786354
0.00183,0.00316,1,8.0E-8,24,0.054349836007769256
1.54E-5,1.1500000000000001,1,1.04E-7,24,1.0731802107481168
1.15E-5,0.057100000000000005,1,3.7E-8,24,0.019018606011105995
2.81E-5,1.05,1,1.2000000000000002E-8,24,0.4373710180384082
5.2E-6,1880,1,4.2000000000000006E-8,24,13.322220396336728
1.32E-4,0.022,1,3.0000000000000004E-8,24,0.065460125
1.9E-4,19,1,3.9000000000000005E-8,24,17.983310072457666
3.31E-4,2.12,1,1.6300000000000002E-7,24,5.531574899696064
1.45E-5,3.15,1,4.4000000000000004E-8,24,1.5746726289402024
2.32E-5,0.0805,1,1.8000000000000002E-7,24,0.057224597277164696
6.46E-4,0.064,1,7.9E-8,24,0.5998510146885492
3.89E-6,0.00439,1,1.46E-7,24,9.655009988298658E-4
3.96E-4,0.521,1,7.6E-8,24,3.3697671071511897
9.57E-7,0.7000000000000001,1,1.6200000000000002E-7,24,0.036126568941065945
5.91E-4,28.6,1,1.7400000000000002E-7,24,16.824423950795815
9.36E-6,43.300000000000004,1,1.33E-7,24,12.41306019270908
8.43E-6,0.0173,1,1.9900000000000002E-7,24,0.005144556
4.43E-4,0.8270000000000001,1,1.85E-7,24,2.7677251647125503
6.52E-5,1350,1,1.28E-7,24,21.999223881483143
2.21E-7,135,1,1.5700000000000002E-7,24,1.1027240095704016
4.25E-6,12.700000000000001,1,2.9E-8,24,1.1277574739787972
0.00488,3.71,1,1.07E-7,24,16.133393598823016
3.95E-7,0.0456,1,6.1E-8,24,0.001272346
2.72E-6,253,1,1.64E-7,24,11.334125749712857
5.56E-6,0.00629,1,6.4E-8,24,0.002522178
7.11E-4,32.9,1,4.4000000000000004E-8,24,22.17031213951187
6.22E-7,3.88,1,1.95E-7,24,0.10298740206047063
0.0071,117,1,8.2E-8,24,25.42801155696062
2.61E-4,0.00466,1,1.91E-7,24,0.012340257223069044
1.64E-6,0.00387,1,9.400000000000001E-8,24,5.702646239726165E-4
0.00439,10.8,1,1.0000000000000001E-7,24,19.92728361367184
5.07E-5,12.6,1,1.7400000000000002E-7,24,9.225881306197557
0.00212,0.055700000000000006,1,1.97E-7,24,0.6449667711360314
4.43E-5,0.229,1,5.8E-8,24,0.4781901441942787
6.61E-6,0.159,1,1.78E-7,24,0.044337614
2.68E-7,0.605,1,1.22E-7,24,0.012009424903933225
3.39E-5,16.8,1,7.0E-8,24,17.075067170268177
7.11E-6,1.6,1,1.58E-7,24,0.5360306076104516
2.03E-5,1080,1,6.2E-8,24,30.160730015617812
6.75E-4,880,1,5.8E-8,24,19.608836210084633
4.64E-4,40.1,1,9.000000000000001E-8,24,20.050214554797485
0.00252,11.4,1,9.5E-8,24,18.821374513454927
1.88E-5,23.7,1,1.16E-7,24,13.987333548581317
0.00524,49.7,1,2.5000000000000002E-8,24,26.526163541979518
1.0E-6,251,1,6.000000000000001E-8,24,7.597509343936309
1.53E-6,68.7,1,2.1000000000000003E-8,24,1.4390302372266612
0.00404,287,1,1.24E-7,24,21.784958729534946
1.82E-6,3.27,1,1.72E-7,24,0.2873903650176259
8.99E-4,4.71,1,7.0E-8,24,14.490588856266418
4.02E-5,6.97,1,1.79E-7,24,5.451505250375352
1.11E-5,0.00792,1,1.52E-7,24,0.004059112
7.62E-7,13.5,1,3.1E-8,24,0.23506860417055153
3.75E-5,0.417,1,1.2000000000000002E-7,24,0.6107940140341682
7.9E-5,0.58,1,2.0000000000000002E-7,24,0.7151475934136832
1.11E-4,0.111,1,3.4E-8,24,0.30391443392224665
2.61E-6,0.178,1,1.8000000000000002E-8,24,0.008000282
9.48E-5,0.358,1,1.4500000000000001E-7,24,0.6943854287812377
2.13E-7,2690,1,1.05E-7,24,3.4358924717846113
0.00408,2.61,1,1.5000000000000002E-8,24,17.52128275159354
2.92E-7,0.0256,1,1.7000000000000001E-7,24,3.8904261918155394E-4
1.75E-6,0.0188,1,1.1000000000000001E-8,24,4.90685751502911E-4
1.55E-4,1.73,1,1.7600000000000001E-7,24,3.1733080473970823
0.00991,79.60000000000001,1,1.8200000000000002E-7,24,25.755560544884137
0.0026,0.012199999999999999,1,1.73E-7,24,0.17683760571211288
7.18E-5,0.032,1,1.6900000000000002E-7,24,0.04685567
5.39E-7,794,1,2.3E-8,24,1.7855945617527238
3.6E-7,0.0155,1,2.6E-8,24,1.173994636276806E-4
1.77E-4,0.0211,1,8.700000000000001E-8,24,0.093720898
1.35E-4,967,1,1.98E-7,24,14.467238093893464
0.00632,0.00526,1,1.34E-7,24,0.16519690040982463
3.57E-5,0.225,1,2.8000000000000003E-8,24,0.1743607147551882
1.33E-5,0.634,1,6.7E-8,24,0.5768976799769091
5.01E-6,55.9,1,1.89E-7,24,7.725421844331311
1.45E-4,487,1,7.3E-8,24,25.661215967262176
3.05E-6,405,1,8.2E-8,24,21.075874138406935
6.03E-7,1.27,1,1.34E-7,24,0.051053742
0.00156,1.1,1,1.77E-7,24,6.772385116701185
0.00194,53.2,1,6.5E-8,24,23.313115859054946
9.73E-4,0.23900000000000002,1,8.400000000000001E-8,24,2.4329149336933216
4.69E-6,5.12,1,1.1200000000000001E-7,24,1.6348060042991226
2.86E-7,2.4,1,7.500000000000001E-8,24,0.062676198
0.009,0.137,1,1.53E-7,24,4.2823031778964005
0.00826,0.561,1,3.3000000000000004E-8,24,11.978774581717097
1.85E-5,1010,1,1.1E-7,24,26.553551371460273
1.02E-5,0.0485,1,1.4E-7,24,0.025415683689337127
1.43E-6,1570,1,5.3000000000000005E-8,24,10.585594634200266
7.57E-6,2890,1,1.0300000000000001E-7,24,25.65662734577056
0.00669,10.200000000000001,1,1.48E-7,24,20.407327100162792
3.86E-7,8.290000000000001,1,6.300000000000001E-8,24,0.23171976880523487
1.22E-4,20.1,1,1.5600000000000002E-7,24,13.837684685300886
1.16E-6,6.53,1,1.4000000000000001E-8,24,0.11625475709336029
4.64E-6,278,1,1.37E-7,24,16.927436755325534
3.77E-4,30.7,1,5.7E-8,24,21.380931167883794
1.0E-4,8.81,1,6.000000000000001E-8,24,15.237871168459277
1.19E-5,15.6,1,7.9E-8,24,10.389973970183096
3.55E-4,0.00412,1,1.3E-8,24,0.022767858
0.0046,1.58,1,1.9400000000000002E-7,24,11.723124897836717
7.74E-7,0.0249,1,1.13E-7,24,0.001517541
2.45E-7,0.0995,1,1.3900000000000001E-7,24,0.001588757
0.00127,21.8,1,1.1500000000000001E-7,24,18.924841252233314
2.05E-4,0.00493,1,1.1200000000000001E-7,24,0.018932632
4.24E-5,36.2,1,1.35E-7,24,16.79718882026569
0.00165,0.10300000000000001,1,2.4000000000000003E-8,24,2.3107527192388755
0.00378,86,1,1.67E-7,24,23.363391530597678
2.57E-5,0.0119,1,1.16E-7,24,0.014595884
4.74E-7,1970,1,1.71E-7,24,4.158547218671716
2.99E-4,559,1,1.0E-8,24,16.86044649716618
0.00179,651,1,4.6E-8,24,19.329860747459513
3.15E-6,3.54,1,1.3E-7,24,0.7013347927875261
2.43E-5,145,1,3.8E-8,24,16.499304943461052
0.00238,17.400000000000002,1,1.58E-7,24,19.083848907922984
7.2E-5,0.00666,1,3.9000000000000005E-8,24,0.013738904241801242
5.35E-7,0.384,1,1.8200000000000002E-7,24,0.00976331
4.29E-4,2.17,1,1.0900000000000001E-7,24,7.879822064031697
3.19E-7,942,1,1.53E-7,24,3.0622422944457344
3.86E-4,60.300000000000004,1,1.1800000000000001E-7,24,19.44986172016081
0.00103,0.00898,1,1.8000000000000002E-8,24,0.14352462420617026
1.1E-6,0.2,1,1.3200000000000002E-7,24,0.014780419
5.64E-6,0.5,1,2.2000000000000002E-8,24,0.053297116245666215
1.16E-4,1630,1,7.1E-8,24,27.221708194188743
2.53E-7,0.47100000000000003,1,4.2000000000000006E-8,24,0.004172778
0.00317,0.332,1,1.21E-7,24,4.817961314047424
7.62E-4,0.156,1,1.9E-7,24,0.8339685427014247
3.38E-7,375,1,1.2600000000000002E-7,24,3.318797856987609
7.0E-7,35.6,1,8.6E-8,24,1.9653601087345718
1.36E-6,0.0705,1,9.8E-8,24,0.008430639
3.08E-5,4.42,1,1.54E-7,24,3.8920185715565077
4.92E-4,238,1,4.8000000000000006E-8,24,23.45793455
9.32E-5,1.82,1,1.0000000000000001E-7,24,4.437120967
1.06E-4,0.117,1,1.24E-7,24,0.2865654385560687
7.74E-5,819,1,8.800000000000001E-8,24,27.085715441811963
2.01E-4,4.92,1,7.7E-8,24,12.451565475008108
0.00207,0.35100000000000003,1,9.100000000000001E-8,24,4.564252863130791
7.13E-7,0.00705,1,1.8600000000000002E-7,24,2.3180871984052054E-4
3.31E-5,84,1,9.100000000000001E-8,24,25.42014354865181
4.32E-7,18.8,1,1.84E-7,24,0.36981014120250305
2.44E-6,0.0349,1,1.6900000000000002E-7,24,0.004224886
5.09E-7,46.2,1,8.6E-8,24,1.7990400448742798
4.24E-6,0.261,1,1.97E-7,24,0.043377325
0.00114,6.22,1,5.2E-8,24,16.885609697267984
1.39E-5,313,1,1.89E-7,24,16.935990688403137
1.57E-5,5.73,1,1.43E-7,24,3.5965721063030434
2.1E-7,0.003,1,1.0E-8,24,9.225895556913137E-6
2.1E-7,3000,1,1.0E-8,24,0.6702591797084962
0.01,0.003,1,1.0E-8,24,0.3148029081365695
0.01,3000,1,1.0E-8,24,14.440072318307475
2.1E-7,0.003,1,2.0000000000000002E-7,24,2.6807015681250446E-5
2.1E-7,3000,1,2.0000000000000002E-7,24,1.7248308545584328
0.01,0.003,1,2.0000000000000002E-7,24,0.12531190271046896
0.01,3000,1,2.0000000000000002E-7,24,10.821495860986197
4.58E-5,3,1,1.05E-7,24,4.852287624794393
4.58E-5,3,1,1.5000000000000002E-7,24,3.4661702475663763
